{
    "name": "root",
    "gauges": {
        "BottleFlipEnv.Policy.Entropy.mean": {
            "value": 2.0257248878479004,
            "min": 1.8240571022033691,
            "max": 2.0257248878479004,
            "count": 5
        },
        "BottleFlipEnv.Policy.Entropy.sum": {
            "value": 20210.65625,
            "min": 4375.9130859375,
            "max": 20210.65625,
            "count": 5
        },
        "BottleFlipEnv.Environment.EpisodeLength.mean": {
            "value": 24.4515306122449,
            "min": 20.035087719298247,
            "max": 25.908602150537636,
            "count": 5
        },
        "BottleFlipEnv.Environment.EpisodeLength.sum": {
            "value": 9585.0,
            "min": 2284.0,
            "max": 9638.0,
            "count": 5
        },
        "BottleFlipEnv.Step.mean": {
            "value": 759973.0,
            "min": 719994.0,
            "max": 759973.0,
            "count": 5
        },
        "BottleFlipEnv.Step.sum": {
            "value": 759973.0,
            "min": 719994.0,
            "max": 759973.0,
            "count": 5
        },
        "BottleFlipEnv.Policy.ExtrinsicValueEstimate.mean": {
            "value": 5.455310344696045,
            "min": 4.676419258117676,
            "max": 5.455310344696045,
            "count": 5
        },
        "BottleFlipEnv.Policy.ExtrinsicValueEstimate.sum": {
            "value": 2138.481689453125,
            "min": 528.4353637695312,
            "max": 2138.481689453125,
            "count": 5
        },
        "BottleFlipEnv.Environment.CumulativeReward.mean": {
            "value": 7.142980829185369,
            "min": 5.100383589753007,
            "max": 7.164602410058234,
            "count": 5
        },
        "BottleFlipEnv.Environment.CumulativeReward.sum": {
            "value": 2800.0484850406647,
            "min": 576.3433456420898,
            "max": 2800.0484850406647,
            "count": 5
        },
        "BottleFlipEnv.Policy.ExtrinsicReward.mean": {
            "value": 7.142980829185369,
            "min": 5.100383589753007,
            "max": 7.164602410058234,
            "count": 5
        },
        "BottleFlipEnv.Policy.ExtrinsicReward.sum": {
            "value": 2800.0484850406647,
            "min": 576.3433456420898,
            "max": 2800.0484850406647,
            "count": 5
        },
        "BottleFlipEnv.IsTraining.mean": {
            "value": 1.0,
            "min": 1.0,
            "max": 1.0,
            "count": 5
        },
        "BottleFlipEnv.IsTraining.sum": {
            "value": 1.0,
            "min": 1.0,
            "max": 1.0,
            "count": 5
        },
        "BottleFlipEnv.Losses.PolicyLoss.mean": {
            "value": 0.051524944258053436,
            "min": 0.051524944258053436,
            "max": 0.06271180771407671,
            "count": 4
        },
        "BottleFlipEnv.Losses.PolicyLoss.sum": {
            "value": 0.051524944258053436,
            "min": 0.051524944258053436,
            "max": 0.06271180771407671,
            "count": 4
        },
        "BottleFlipEnv.Losses.ValueLoss.mean": {
            "value": 0.016925415247678755,
            "min": 0.008448926105047576,
            "max": 0.5552229748666286,
            "count": 4
        },
        "BottleFlipEnv.Losses.ValueLoss.sum": {
            "value": 0.016925415247678755,
            "min": 0.008448926105047576,
            "max": 0.5552229748666286,
            "count": 4
        },
        "BottleFlipEnv.Policy.LearningRate.mean": {
            "value": 8.484673515328e-05,
            "min": 8.484673515328e-05,
            "max": 8.544731455269999e-05,
            "count": 4
        },
        "BottleFlipEnv.Policy.LearningRate.sum": {
            "value": 8.484673515328e-05,
            "min": 8.484673515328e-05,
            "max": 8.544731455269999e-05,
            "count": 4
        },
        "BottleFlipEnv.Policy.Epsilon.mean": {
            "value": 0.1,
            "min": 0.1,
            "max": 0.1,
            "count": 4
        },
        "BottleFlipEnv.Policy.Epsilon.sum": {
            "value": 0.1,
            "min": 0.1,
            "max": 0.1,
            "count": 4
        },
        "BottleFlipEnv.Policy.Beta.mean": {
            "value": 0.009999999999999998,
            "min": 0.009999999999999998,
            "max": 0.009999999999999998,
            "count": 4
        },
        "BottleFlipEnv.Policy.Beta.sum": {
            "value": 0.009999999999999998,
            "min": 0.009999999999999998,
            "max": 0.009999999999999998,
            "count": 4
        }
    },
    "metadata": {
        "timer_format_version": "0.1.0",
        "start_time_seconds": "1670535413",
        "python_version": "3.8.13 (default, Sep 16 2022, 11:25:45) [MSC v.1900 64 bit (AMD64)]",
        "command_line_arguments": "C:\\Users\\Bryson Gullett\\AppData\\Local\\Programs\\Python\\Python38\\Scripts\\mlagents-learn bottleflip_config_ppo.yaml --run-id=BottleFlipPpo --resume",
        "mlagents_version": "0.30.0",
        "mlagents_envs_version": "0.30.0",
        "communication_protocol_version": "1.5.0",
        "pytorch_version": "1.7.1+cu110",
        "numpy_version": "1.21.2",
        "end_time_seconds": "1670535855"
    },
    "total": 442.01465010000004,
    "count": 1,
    "self": 0.008857400000067628,
    "children": {
        "run_training.setup": {
            "total": 0.11265259999999988,
            "count": 1,
            "self": 0.11265259999999988
        },
        "TrainerController.start_learning": {
            "total": 441.8931401,
            "count": 1,
            "self": 1.3995138000075826,
            "children": {
                "TrainerController._reset_env": {
                    "total": 8.3060002,
                    "count": 1,
                    "self": 8.3060002
                },
                "TrainerController.advance": {
                    "total": 432.04977749999244,
                    "count": 46001,
                    "self": 0.667013299991595,
                    "children": {
                        "env_step": {
                            "total": 431.38276420000085,
                            "count": 46001,
                            "self": 331.6414861999911,
                            "children": {
                                "SubprocessEnvManager._take_step": {
                                    "total": 98.96338760000253,
                                    "count": 46001,
                                    "self": 2.5763935000026663,
                                    "children": {
                                        "TorchPolicy.evaluate": {
                                            "total": 96.38699409999987,
                                            "count": 44429,
                                            "self": 96.38699409999987
                                        }
                                    }
                                },
                                "workers": {
                                    "total": 0.7778904000072178,
                                    "count": 46000,
                                    "self": 0.0,
                                    "children": {
                                        "worker_root": {
                                            "total": 404.14598990000275,
                                            "count": 46000,
                                            "is_parallel": true,
                                            "self": 151.64500200000543,
                                            "children": {
                                                "steps_from_proto": {
                                                    "total": 0.00045230000000096027,
                                                    "count": 1,
                                                    "is_parallel": true,