{"count":1,"self":31325.677158399998,"total":89894.158606799989,"children":{"InitializeActuators":{"count":2,"self":0.0020003,"total":0.0020003,"children":null},"InitializeSensors":{"count":2,"self":0.0015004999999999999,"total":0.0015004999999999999,"children":null},"AgentSendState":{"count":139114257,"self":243.56439039999998,"total":560.8880892,"children":{"CollectObservations":{"count":14115074,"self":58.752064,"total":58.752062699999996,"children":null},"WriteActionMask":{"count":14115074,"self":11.872852799999999,"total":11.872853,"children":null},"RequestDecision":{"count":14115074,"self":55.790662399999995,"total":246.6987881,"children":{"AgentInfo.ToProto":{"count":14115074,"self":81.671392,"total":190.9081249,"children":{"GenerateSensorData":{"count":14115074,"self":109.236736,"total":109.23673289999999,"children":null}}}}}}},"DecideAction":{"count":139114257,"self":56916.9739776,"total":56916.977186699994,"children":null},"AgentAct":{"count":139114257,"self":1082.9316096,"total":1090.6110466999999,"children":{"AgentInfo.ToProto":{"count":548859,"self":3.2746416,"total":7.6794556,"children":{"GenerateSensorData":{"count":548859,"self":4.404814,"total":4.404814,"children":null}}}}}},"gauges":{"BottleFlipEnv.CumulativeReward":{"count":548859,"max":100099.438,"min":-10,"runningAverage":3539.77563,"value":28.7414474,"weightedAverage":28.7414436}},"metadata":{"timer_format_version":"0.1.0","start_time_seconds":"1670887906","unity_version":"2021.3.13f1","command_line_arguments":"C:\\Program Files\\Unity\\Hub\\Editor\\2021.3.13f1\\Editor\\Unity.exe -projectpath C:\\Users\\Bryson Gullett\\Documents\\School\\Semester7\\ECE414\\BottleFlip\\BottleFlipEnv -useHub -hubIPC -cloudEnvironment production -licensingIpc LicenseClient-TZdwd7FDsejZCBzPNTUxi -hubSessionId f4fee7e0-7679-11ed-94ed-59b60fb303f2 -accessToken dxIiE_5N7Q1AKQIiLJq1DW5D5vL-6gaDUknkt97cJ5w002f","communication_protocol_version":"1.5.0","com.unity.ml-agents_version":"2.0.1","scene_name":"BottleFlipScene","end_time_seconds":"1670977801"}}